{"cameraMode":{"drawMode":0,"name":"Shaded","section":"Shading Mode"},"sceneLighting":true,"audioPlay":false,"sceneViewState":{"showFog":true,"showMaterialUpdate":true,"showSkybox":true,"showFlares":true,"showImageEffects":false,"showParticleSystems":true},"in2DMode":false,"pivot":{"x":0.5699033737182617,"y":-13.950846672058106,"z":-1.7041780948638917},"rotation":{"x":0.10424409806728363,"y":-0.1279354840517044,"z":0.013509612530469895,"w":0.9862027764320374},"size":19.00332260131836,"orthographic":false}